"Statistic Label","Month","State","UNIT","VALUE"
"Total Exports (Seasonally Adjusted)","1970 January","State","Euro Thousand","50898"
"Total Exports (Seasonally Adjusted)","1970 February","State","Euro Thousand","49130"
"Total Exports (Seasonally Adjusted)","1970 March","State","Euro Thousand","45987"
"Total Exports (Seasonally Adjusted)","1970 April","State","Euro Thousand","50870"
"Total Exports (Seasonally Adjusted)","1970 May","State","Euro Thousand","47652"
"Total Exports (Seasonally Adjusted)","1970 June","State","Euro Thousand","45054"
"Total Exports (Seasonally Adjusted)","1970 July","State","Euro Thousand","46772"
"Total Exports (Seasonally Adjusted)","1970 August","State","Euro Thousand","50062"
"Total Exports (Seasonally Adjusted)","1970 September","State","Euro Thousand","50598"
"Total Exports (Seasonally Adjusted)","1970 October","State","Euro Thousand","51369"
"Total Exports (Seasonally Adjusted)","1970 November","State","Euro Thousand","51609"
"Total Exports (Seasonally Adjusted)","1970 December","State","Euro Thousand","53929"
"Total Exports (Seasonally Adjusted)","1971 January","State","Euro Thousand","59984"
"Total Exports (Seasonally Adjusted)","1971 February","State","Euro Thousand","52309"
"Total Exports (Seasonally Adjusted)","1971 March","State","Euro Thousand","54622"
"Total Exports (Seasonally Adjusted)","1971 April","State","Euro Thousand","54979"
"Total Exports (Seasonally Adjusted)","1971 May","State","Euro Thousand","56805"
"Total Exports (Seasonally Adjusted)","1971 June","State","Euro Thousand","58547"
"Total Exports (Seasonally Adjusted)","1971 July","State","Euro Thousand","55753"
"Total Exports (Seasonally Adjusted)","1971 August","State","Euro Thousand","57413"
"Total Exports (Seasonally Adjusted)","1971 September","State","Euro Thousand","56956"
"Total Exports (Seasonally Adjusted)","1971 October","State","Euro Thousand","51313"
"Total Exports (Seasonally Adjusted)","1971 November","State","Euro Thousand","55625"
"Total Exports (Seasonally Adjusted)","1971 December","State","Euro Thousand","67927"
"Total Exports (Seasonally Adjusted)","1972 January","State","Euro Thousand","58685"
"Total Exports (Seasonally Adjusted)","1972 February","State","Euro Thousand","60458"
"Total Exports (Seasonally Adjusted)","1972 March","State","Euro Thousand","63009"
"Total Exports (Seasonally Adjusted)","1972 April","State","Euro Thousand","55781"
"Total Exports (Seasonally Adjusted)","1972 May","State","Euro Thousand","63651"
"Total Exports (Seasonally Adjusted)","1972 June","State","Euro Thousand","69669"
"Total Exports (Seasonally Adjusted)","1972 July","State","Euro Thousand","70555"
"Total Exports (Seasonally Adjusted)","1972 August","State","Euro Thousand","69299"
"Total Exports (Seasonally Adjusted)","1972 September","State","Euro Thousand","74559"
"Total Exports (Seasonally Adjusted)","1972 October","State","Euro Thousand","75171"
"Total Exports (Seasonally Adjusted)","1972 November","State","Euro Thousand","79075"
"Total Exports (Seasonally Adjusted)","1972 December","State","Euro Thousand","73935"
"Total Exports (Seasonally Adjusted)","1973 January","State","Euro Thousand","77501"
"Total Exports (Seasonally Adjusted)","1973 February","State","Euro Thousand","82889"
"Total Exports (Seasonally Adjusted)","1973 March","State","Euro Thousand","88631"
"Total Exports (Seasonally Adjusted)","1973 April","State","Euro Thousand","83883"
"Total Exports (Seasonally Adjusted)","1973 May","State","Euro Thousand","89847"
"Total Exports (Seasonally Adjusted)","1973 June","State","Euro Thousand","87593"
"Total Exports (Seasonally Adjusted)","1973 July","State","Euro Thousand","89191"
"Total Exports (Seasonally Adjusted)","1973 August","State","Euro Thousand","95263"
"Total Exports (Seasonally Adjusted)","1973 September","State","Euro Thousand","95383"
"Total Exports (Seasonally Adjusted)","1973 October","State","Euro Thousand","101956"
"Total Exports (Seasonally Adjusted)","1973 November","State","Euro Thousand","100612"
"Total Exports (Seasonally Adjusted)","1973 December","State","Euro Thousand","107542"
"Total Exports (Seasonally Adjusted)","1974 January","State","Euro Thousand","112069"
"Total Exports (Seasonally Adjusted)","1974 February","State","Euro Thousand","112336"
"Total Exports (Seasonally Adjusted)","1974 March","State","Euro Thousand","111580"
"Total Exports (Seasonally Adjusted)","1974 April","State","Euro Thousand","114967"
"Total Exports (Seasonally Adjusted)","1974 May","State","Euro Thousand","111270"
"Total Exports (Seasonally Adjusted)","1974 June","State","Euro Thousand","116797"
"Total Exports (Seasonally Adjusted)","1974 July","State","Euro Thousand","121405"
"Total Exports (Seasonally Adjusted)","1974 August","State","Euro Thousand","121726"
"Total Exports (Seasonally Adjusted)","1974 September","State","Euro Thousand","113520"
"Total Exports (Seasonally Adjusted)","1974 October","State","Euro Thousand","122030"
"Total Exports (Seasonally Adjusted)","1974 November","State","Euro Thousand","127328"
"Total Exports (Seasonally Adjusted)","1974 December","State","Euro Thousand","145629"
"Total Exports (Seasonally Adjusted)","1975 January","State","Euro Thousand","158336"
"Total Exports (Seasonally Adjusted)","1975 February","State","Euro Thousand","143280"
"Total Exports (Seasonally Adjusted)","1975 March","State","Euro Thousand","121076"
"Total Exports (Seasonally Adjusted)","1975 April","State","Euro Thousand","143669"
"Total Exports (Seasonally Adjusted)","1975 May","State","Euro Thousand","147247"
"Total Exports (Seasonally Adjusted)","1975 June","State","Euro Thousand","130552"
"Total Exports (Seasonally Adjusted)","1975 July","State","Euro Thousand","155356"
"Total Exports (Seasonally Adjusted)","1975 August","State","Euro Thousand","154838"
"Total Exports (Seasonally Adjusted)","1975 September","State","Euro Thousand","159333"
"Total Exports (Seasonally Adjusted)","1975 October","State","Euro Thousand","194290"
"Total Exports (Seasonally Adjusted)","1975 November","State","Euro Thousand","161729"
"Total Exports (Seasonally Adjusted)","1975 December","State","Euro Thousand","151896"
"Total Exports (Seasonally Adjusted)","1976 January","State","Euro Thousand","157259"
"Total Exports (Seasonally Adjusted)","1976 February","State","Euro Thousand","156384"
"Total Exports (Seasonally Adjusted)","1976 March","State","Euro Thousand","159917"
"Total Exports (Seasonally Adjusted)","1976 April","State","Euro Thousand","198939"
"Total Exports (Seasonally Adjusted)","1976 May","State","Euro Thousand","192752"
"Total Exports (Seasonally Adjusted)","1976 June","State","Euro Thousand","191670"
"Total Exports (Seasonally Adjusted)","1976 July","State","Euro Thousand","186653"
"Total Exports (Seasonally Adjusted)","1976 August","State","Euro Thousand","187085"
"Total Exports (Seasonally Adjusted)","1976 September","State","Euro Thousand","216505"
"Total Exports (Seasonally Adjusted)","1976 October","State","Euro Thousand","248123"
"Total Exports (Seasonally Adjusted)","1976 November","State","Euro Thousand","222316"
"Total Exports (Seasonally Adjusted)","1976 December","State","Euro Thousand","220766"
"Total Exports (Seasonally Adjusted)","1977 January","State","Euro Thousand","229481"
"Total Exports (Seasonally Adjusted)","1977 February","State","Euro Thousand","242309"
"Total Exports (Seasonally Adjusted)","1977 March","State","Euro Thousand","248600"
"Total Exports (Seasonally Adjusted)","1977 April","State","Euro Thousand","243067"
"Total Exports (Seasonally Adjusted)","1977 May","State","Euro Thousand","253115"
"Total Exports (Seasonally Adjusted)","1977 June","State","Euro Thousand","258876"
"Total Exports (Seasonally Adjusted)","1977 July","State","Euro Thousand","286834"
"Total Exports (Seasonally Adjusted)","1977 August","State","Euro Thousand","288134"
"Total Exports (Seasonally Adjusted)","1977 September","State","Euro Thousand","279643"
"Total Exports (Seasonally Adjusted)","1977 October","State","Euro Thousand","272028"
"Total Exports (Seasonally Adjusted)","1977 November","State","Euro Thousand","281526"
"Total Exports (Seasonally Adjusted)","1977 December","State","Euro Thousand","307771"
"Total Exports (Seasonally Adjusted)","1978 January","State","Euro Thousand","333340"
"Total Exports (Seasonally Adjusted)","1978 February","State","Euro Thousand","273711"
"Total Exports (Seasonally Adjusted)","1978 March","State","Euro Thousand","301005"
"Total Exports (Seasonally Adjusted)","1978 April","State","Euro Thousand","321557"
"Total Exports (Seasonally Adjusted)","1978 May","State","Euro Thousand","293660"
"Total Exports (Seasonally Adjusted)","1978 June","State","Euro Thousand","308117"
"Total Exports (Seasonally Adjusted)","1978 July","State","Euro Thousand","303882"
"Total Exports (Seasonally Adjusted)","1978 August","State","Euro Thousand","310312"
"Total Exports (Seasonally Adjusted)","1978 September","State","Euro Thousand","326041"
"Total Exports (Seasonally Adjusted)","1978 October","State","Euro Thousand","315243"
"Total Exports (Seasonally Adjusted)","1978 November","State","Euro Thousand","348780"
"Total Exports (Seasonally Adjusted)","1978 December","State","Euro Thousand","332258"
"Total Exports (Seasonally Adjusted)","1979 January","State","Euro Thousand","317110"
"Total Exports (Seasonally Adjusted)","1979 February","State","Euro Thousand","351449"
"Total Exports (Seasonally Adjusted)","1979 March","State","Euro Thousand","341326"
"Total Exports (Seasonally Adjusted)","1979 April","State","Euro Thousand","348968"
"Total Exports (Seasonally Adjusted)","1979 May","State","Euro Thousand","375465"
"Total Exports (Seasonally Adjusted)","1979 June","State","Euro Thousand","306464"
"Total Exports (Seasonally Adjusted)","1979 July","State","Euro Thousand","428169"
"Total Exports (Seasonally Adjusted)","1979 August","State","Euro Thousand","366354"
"Total Exports (Seasonally Adjusted)","1979 September","State","Euro Thousand","363656"
"Total Exports (Seasonally Adjusted)","1979 October","State","Euro Thousand","408810"
"Total Exports (Seasonally Adjusted)","1979 November","State","Euro Thousand","411685"
"Total Exports (Seasonally Adjusted)","1979 December","State","Euro Thousand","394258"
"Total Exports (Seasonally Adjusted)","1980 January","State","Euro Thousand","427842"
"Total Exports (Seasonally Adjusted)","1980 February","State","Euro Thousand","419912"
"Total Exports (Seasonally Adjusted)","1980 March","State","Euro Thousand","438241"
"Total Exports (Seasonally Adjusted)","1980 April","State","Euro Thousand","433876"
"Total Exports (Seasonally Adjusted)","1980 May","State","Euro Thousand","397119"
"Total Exports (Seasonally Adjusted)","1980 June","State","Euro Thousand","407542"
"Total Exports (Seasonally Adjusted)","1980 July","State","Euro Thousand","437858"
"Total Exports (Seasonally Adjusted)","1980 August","State","Euro Thousand","438424"
"Total Exports (Seasonally Adjusted)","1980 September","State","Euro Thousand","457983"
"Total Exports (Seasonally Adjusted)","1980 October","State","Euro Thousand","440825"
"Total Exports (Seasonally Adjusted)","1980 November","State","Euro Thousand","431067"
"Total Exports (Seasonally Adjusted)","1980 December","State","Euro Thousand","441596"
"Total Exports (Seasonally Adjusted)","1981 January","State","Euro Thousand","462346"
"Total Exports (Seasonally Adjusted)","1981 February","State","Euro Thousand","447472"
"Total Exports (Seasonally Adjusted)","1981 March","State","Euro Thousand","466877"
"Total Exports (Seasonally Adjusted)","1981 April","State","Euro Thousand","450315"
"Total Exports (Seasonally Adjusted)","1981 May","State","Euro Thousand","513913"
"Total Exports (Seasonally Adjusted)","1981 June","State","Euro Thousand","511876"
"Total Exports (Seasonally Adjusted)","1981 July","State","Euro Thousand","505029"
"Total Exports (Seasonally Adjusted)","1981 August","State","Euro Thousand","545331"
"Total Exports (Seasonally Adjusted)","1981 September","State","Euro Thousand","512493"
"Total Exports (Seasonally Adjusted)","1981 October","State","Euro Thousand","553858"
"Total Exports (Seasonally Adjusted)","1981 November","State","Euro Thousand","546264"
"Total Exports (Seasonally Adjusted)","1981 December","State","Euro Thousand","549121"
"Total Exports (Seasonally Adjusted)","1982 January","State","Euro Thousand","513173"
"Total Exports (Seasonally Adjusted)","1982 February","State","Euro Thousand","576324"
"Total Exports (Seasonally Adjusted)","1982 March","State","Euro Thousand","575880"
"Total Exports (Seasonally Adjusted)","1982 April","State","Euro Thousand","618617"
"Total Exports (Seasonally Adjusted)","1982 May","State","Euro Thousand","596522"
"Total Exports (Seasonally Adjusted)","1982 June","State","Euro Thousand","632621"
"Total Exports (Seasonally Adjusted)","1982 July","State","Euro Thousand","605417"
"Total Exports (Seasonally Adjusted)","1982 August","State","Euro Thousand","591114"
"Total Exports (Seasonally Adjusted)","1982 September","State","Euro Thousand","613837"
"Total Exports (Seasonally Adjusted)","1982 October","State","Euro Thousand","613275"
"Total Exports (Seasonally Adjusted)","1982 November","State","Euro Thousand","623290"
"Total Exports (Seasonally Adjusted)","1982 December","State","Euro Thousand","648872"
"Total Exports (Seasonally Adjusted)","1983 January","State","Euro Thousand","633455"
"Total Exports (Seasonally Adjusted)","1983 February","State","Euro Thousand","678830"
"Total Exports (Seasonally Adjusted)","1983 March","State","Euro Thousand","601827"
"Total Exports (Seasonally Adjusted)","1983 April","State","Euro Thousand","720321"
"Total Exports (Seasonally Adjusted)","1983 May","State","Euro Thousand","671376"
"Total Exports (Seasonally Adjusted)","1983 June","State","Euro Thousand","715941"
"Total Exports (Seasonally Adjusted)","1983 July","State","Euro Thousand","757452"
"Total Exports (Seasonally Adjusted)","1983 August","State","Euro Thousand","802937"
"Total Exports (Seasonally Adjusted)","1983 September","State","Euro Thousand","763949"
"Total Exports (Seasonally Adjusted)","1983 October","State","Euro Thousand","798939"
"Total Exports (Seasonally Adjusted)","1983 November","State","Euro Thousand","832188"
"Total Exports (Seasonally Adjusted)","1983 December","State","Euro Thousand","833377"
"Total Exports (Seasonally Adjusted)","1984 January","State","Euro Thousand","892604"
"Total Exports (Seasonally Adjusted)","1984 February","State","Euro Thousand","837373"
"Total Exports (Seasonally Adjusted)","1984 March","State","Euro Thousand","869409"
"Total Exports (Seasonally Adjusted)","1984 April","State","Euro Thousand","893492"
"Total Exports (Seasonally Adjusted)","1984 May","State","Euro Thousand","974007"
"Total Exports (Seasonally Adjusted)","1984 June","State","Euro Thousand","937827"
"Total Exports (Seasonally Adjusted)","1984 July","State","Euro Thousand","951061"
"Total Exports (Seasonally Adjusted)","1984 August","State","Euro Thousand","852438"
"Total Exports (Seasonally Adjusted)","1984 September","State","Euro Thousand","988915"
"Total Exports (Seasonally Adjusted)","1984 October","State","Euro Thousand","1008767"
"Total Exports (Seasonally Adjusted)","1984 November","State","Euro Thousand","987590"
"Total Exports (Seasonally Adjusted)","1984 December","State","Euro Thousand","1075437"
"Total Exports (Seasonally Adjusted)","1985 January","State","Euro Thousand","1052091"
"Total Exports (Seasonally Adjusted)","1985 February","State","Euro Thousand","1045972"
"Total Exports (Seasonally Adjusted)","1985 March","State","Euro Thousand","1091406"
"Total Exports (Seasonally Adjusted)","1985 April","State","Euro Thousand","1010981"
"Total Exports (Seasonally Adjusted)","1985 May","State","Euro Thousand","1043312"
"Total Exports (Seasonally Adjusted)","1985 June","State","Euro Thousand","1077427"
"Total Exports (Seasonally Adjusted)","1985 July","State","Euro Thousand","1029676"
"Total Exports (Seasonally Adjusted)","1985 August","State","Euro Thousand","987215"
"Total Exports (Seasonally Adjusted)","1985 September","State","Euro Thousand","1060743"
"Total Exports (Seasonally Adjusted)","1985 October","State","Euro Thousand","995625"
"Total Exports (Seasonally Adjusted)","1985 November","State","Euro Thousand","998656"
"Total Exports (Seasonally Adjusted)","1985 December","State","Euro Thousand","978128"
"Total Exports (Seasonally Adjusted)","1986 January","State","Euro Thousand","988326"
"Total Exports (Seasonally Adjusted)","1986 February","State","Euro Thousand","1012093"
"Total Exports (Seasonally Adjusted)","1986 March","State","Euro Thousand","1028512"
"Total Exports (Seasonally Adjusted)","1986 April","State","Euro Thousand","984397"
"Total Exports (Seasonally Adjusted)","1986 May","State","Euro Thousand","995871"
"Total Exports (Seasonally Adjusted)","1986 June","State","Euro Thousand","913372"
"Total Exports (Seasonally Adjusted)","1986 July","State","Euro Thousand","949256"
"Total Exports (Seasonally Adjusted)","1986 August","State","Euro Thousand","977476"
"Total Exports (Seasonally Adjusted)","1986 September","State","Euro Thousand","999756"
"Total Exports (Seasonally Adjusted)","1986 October","State","Euro Thousand","965587"
"Total Exports (Seasonally Adjusted)","1986 November","State","Euro Thousand","1102865"
"Total Exports (Seasonally Adjusted)","1986 December","State","Euro Thousand","1004135"
"Total Exports (Seasonally Adjusted)","1987 January","State","Euro Thousand","981262"
"Total Exports (Seasonally Adjusted)","1987 February","State","Euro Thousand","1043636"
"Total Exports (Seasonally Adjusted)","1987 March","State","Euro Thousand","1051801"
"Total Exports (Seasonally Adjusted)","1987 April","State","Euro Thousand","1066592"
"Total Exports (Seasonally Adjusted)","1987 May","State","Euro Thousand","1226385"
"Total Exports (Seasonally Adjusted)","1987 June","State","Euro Thousand","1112149"
"Total Exports (Seasonally Adjusted)","1987 July","State","Euro Thousand","1118098"
"Total Exports (Seasonally Adjusted)","1987 August","State","Euro Thousand","1160710"
"Total Exports (Seasonally Adjusted)","1987 September","State","Euro Thousand","1140683"
"Total Exports (Seasonally Adjusted)","1987 October","State","Euro Thousand","1230405"
"Total Exports (Seasonally Adjusted)","1987 November","State","Euro Thousand","1279764"
"Total Exports (Seasonally Adjusted)","1987 December","State","Euro Thousand","1198267"
"Total Exports (Seasonally Adjusted)","1988 January","State","Euro Thousand","1168635"
"Total Exports (Seasonally Adjusted)","1988 February","State","Euro Thousand","1194059"
"Total Exports (Seasonally Adjusted)","1988 March","State","Euro Thousand","1206808"
"Total Exports (Seasonally Adjusted)","1988 April","State","Euro Thousand","1235864"
"Total Exports (Seasonally Adjusted)","1988 May","State","Euro Thousand","1244225"
"Total Exports (Seasonally Adjusted)","1988 June","State","Euro Thousand","1292841"
"Total Exports (Seasonally Adjusted)","1988 July","State","Euro Thousand","1342116"
"Total Exports (Seasonally Adjusted)","1988 August","State","Euro Thousand","1382591"
"Total Exports (Seasonally Adjusted)","1988 September","State","Euro Thousand","1326933"
"Total Exports (Seasonally Adjusted)","1988 October","State","Euro Thousand","1383605"
"Total Exports (Seasonally Adjusted)","1988 November","State","Euro Thousand","1380528"
"Total Exports (Seasonally Adjusted)","1988 December","State","Euro Thousand","1418595"
"Total Exports (Seasonally Adjusted)","1989 January","State","Euro Thousand","1504044"
"Total Exports (Seasonally Adjusted)","1989 February","State","Euro Thousand","1469929"
"Total Exports (Seasonally Adjusted)","1989 March","State","Euro Thousand","1436188"
"Total Exports (Seasonally Adjusted)","1989 April","State","Euro Thousand","1665338"
"Total Exports (Seasonally Adjusted)","1989 May","State","Euro Thousand","1525018"
"Total Exports (Seasonally Adjusted)","1989 June","State","Euro Thousand","1508516"
"Total Exports (Seasonally Adjusted)","1989 July","State","Euro Thousand","1569862"
"Total Exports (Seasonally Adjusted)","1989 August","State","Euro Thousand","1501138"
"Total Exports (Seasonally Adjusted)","1989 September","State","Euro Thousand","1660978"
"Total Exports (Seasonally Adjusted)","1989 October","State","Euro Thousand","1550549"
"Total Exports (Seasonally Adjusted)","1989 November","State","Euro Thousand","1606984"
"Total Exports (Seasonally Adjusted)","1989 December","State","Euro Thousand","1573532"
"Total Exports (Seasonally Adjusted)","1990 January","State","Euro Thousand","1570383"
"Total Exports (Seasonally Adjusted)","1990 February","State","Euro Thousand","1451510"
"Total Exports (Seasonally Adjusted)","1990 March","State","Euro Thousand","1702804"
"Total Exports (Seasonally Adjusted)","1990 April","State","Euro Thousand","1641289"
"Total Exports (Seasonally Adjusted)","1990 May","State","Euro Thousand","1509504"
"Total Exports (Seasonally Adjusted)","1990 June","State","Euro Thousand","1503688"
"Total Exports (Seasonally Adjusted)","1990 July","State","Euro Thousand","1513274"
"Total Exports (Seasonally Adjusted)","1990 August","State","Euro Thousand","1354467"
"Total Exports (Seasonally Adjusted)","1990 September","State","Euro Thousand","1508337"
"Total Exports (Seasonally Adjusted)","1990 October","State","Euro Thousand","1457399"
"Total Exports (Seasonally Adjusted)","1990 November","State","Euro Thousand","1462850"
"Total Exports (Seasonally Adjusted)","1990 December","State","Euro Thousand","1553933"
"Total Exports (Seasonally Adjusted)","1991 January","State","Euro Thousand","1535334"
"Total Exports (Seasonally Adjusted)","1991 February","State","Euro Thousand","1481035"
"Total Exports (Seasonally Adjusted)","1991 March","State","Euro Thousand","1536067"
"Total Exports (Seasonally Adjusted)","1991 April","State","Euro Thousand","1477370"
"Total Exports (Seasonally Adjusted)","1991 May","State","Euro Thousand","1574934"
"Total Exports (Seasonally Adjusted)","1991 June","State","Euro Thousand","1603610"
"Total Exports (Seasonally Adjusted)","1991 July","State","Euro Thousand","1564152"
"Total Exports (Seasonally Adjusted)","1991 August","State","Euro Thousand","1623556"
"Total Exports (Seasonally Adjusted)","1991 September","State","Euro Thousand","1669901"
"Total Exports (Seasonally Adjusted)","1991 October","State","Euro Thousand","1700532"
"Total Exports (Seasonally Adjusted)","1991 November","State","Euro Thousand","1694908"
"Total Exports (Seasonally Adjusted)","1991 December","State","Euro Thousand","1619965"
"Total Exports (Seasonally Adjusted)","1992 January","State","Euro Thousand","1756031"
"Total Exports (Seasonally Adjusted)","1992 February","State","Euro Thousand","1743615"
"Total Exports (Seasonally Adjusted)","1992 March","State","Euro Thousand","1684875"
"Total Exports (Seasonally Adjusted)","1992 April","State","Euro Thousand","1703379"
"Total Exports (Seasonally Adjusted)","1992 May","State","Euro Thousand","1979780"
"Total Exports (Seasonally Adjusted)","1992 June","State","Euro Thousand","1744298"
"Total Exports (Seasonally Adjusted)","1992 July","State","Euro Thousand","1815073"
"Total Exports (Seasonally Adjusted)","1992 August","State","Euro Thousand","1813914"
"Total Exports (Seasonally Adjusted)","1992 September","State","Euro Thousand","1700325"
"Total Exports (Seasonally Adjusted)","1992 October","State","Euro Thousand","1747901"
"Total Exports (Seasonally Adjusted)","1992 November","State","Euro Thousand","1788337"
"Total Exports (Seasonally Adjusted)","1992 December","State","Euro Thousand","1728412"
"Total Exports (Seasonally Adjusted)","1993 January","State","Euro Thousand","1780616"
"Total Exports (Seasonally Adjusted)","1993 February","State","Euro Thousand","1937461"
"Total Exports (Seasonally Adjusted)","1993 March","State","Euro Thousand","2109590"
"Total Exports (Seasonally Adjusted)","1993 April","State","Euro Thousand","2031227"
"Total Exports (Seasonally Adjusted)","1993 May","State","Euro Thousand","2001912"
"Total Exports (Seasonally Adjusted)","1993 June","State","Euro Thousand","2033458"
"Total Exports (Seasonally Adjusted)","1993 July","State","Euro Thousand","2094419"
"Total Exports (Seasonally Adjusted)","1993 August","State","Euro Thousand","2189870"
"Total Exports (Seasonally Adjusted)","1993 September","State","Euro Thousand","2127591"
"Total Exports (Seasonally Adjusted)","1993 October","State","Euro Thousand","2256931"
"Total Exports (Seasonally Adjusted)","1993 November","State","Euro Thousand","2272165"
"Total Exports (Seasonally Adjusted)","1993 December","State","Euro Thousand","2312731"
"Total Exports (Seasonally Adjusted)","1994 January","State","Euro Thousand","2197394"
"Total Exports (Seasonally Adjusted)","1994 February","State","Euro Thousand","2306371"
"Total Exports (Seasonally Adjusted)","1994 March","State","Euro Thousand","2312872"
"Total Exports (Seasonally Adjusted)","1994 April","State","Euro Thousand","2318722"
"Total Exports (Seasonally Adjusted)","1994 May","State","Euro Thousand","2291635"
"Total Exports (Seasonally Adjusted)","1994 June","State","Euro Thousand","2344608"
"Total Exports (Seasonally Adjusted)","1994 July","State","Euro Thousand","2309140"
"Total Exports (Seasonally Adjusted)","1994 August","State","Euro Thousand","2409060"
"Total Exports (Seasonally Adjusted)","1994 September","State","Euro Thousand","2548660"
"Total Exports (Seasonally Adjusted)","1994 October","State","Euro Thousand","2500712"
"Total Exports (Seasonally Adjusted)","1994 November","State","Euro Thousand","2611073"
"Total Exports (Seasonally Adjusted)","1994 December","State","Euro Thousand","2704712"
"Total Exports (Seasonally Adjusted)","1995 January","State","Euro Thousand","2790466"
"Total Exports (Seasonally Adjusted)","1995 February","State","Euro Thousand","2665642"
"Total Exports (Seasonally Adjusted)","1995 March","State","Euro Thousand","2824144"
"Total Exports (Seasonally Adjusted)","1995 April","State","Euro Thousand","2823633"
"Total Exports (Seasonally Adjusted)","1995 May","State","Euro Thousand","2950977"
"Total Exports (Seasonally Adjusted)","1995 June","State","Euro Thousand","2738507"
"Total Exports (Seasonally Adjusted)","1995 July","State","Euro Thousand","2975649"
"Total Exports (Seasonally Adjusted)","1995 August","State","Euro Thousand","2945251"
"Total Exports (Seasonally Adjusted)","1995 September","State","Euro Thousand","3013116"
"Total Exports (Seasonally Adjusted)","1995 October","State","Euro Thousand","3277099"
"Total Exports (Seasonally Adjusted)","1995 November","State","Euro Thousand","3150352"
"Total Exports (Seasonally Adjusted)","1995 December","State","Euro Thousand","3219297"
"Total Exports (Seasonally Adjusted)","1996 January","State","Euro Thousand","3449050"
"Total Exports (Seasonally Adjusted)","1996 February","State","Euro Thousand","3314941"
"Total Exports (Seasonally Adjusted)","1996 March","State","Euro Thousand","3127664"
"Total Exports (Seasonally Adjusted)","1996 April","State","Euro Thousand","3036088"
"Total Exports (Seasonally Adjusted)","1996 May","State","Euro Thousand","3258242"
"Total Exports (Seasonally Adjusted)","1996 June","State","Euro Thousand","3236513"
"Total Exports (Seasonally Adjusted)","1996 July","State","Euro Thousand","3211456"
"Total Exports (Seasonally Adjusted)","1996 August","State","Euro Thousand","2891612"
"Total Exports (Seasonally Adjusted)","1996 September","State","Euro Thousand","3248476"
"Total Exports (Seasonally Adjusted)","1996 October","State","Euro Thousand","3233214"
"Total Exports (Seasonally Adjusted)","1996 November","State","Euro Thousand","3192336"
"Total Exports (Seasonally Adjusted)","1996 December","State","Euro Thousand","3334572"
"Total Exports (Seasonally Adjusted)","1997 January","State","Euro Thousand","3374968"
"Total Exports (Seasonally Adjusted)","1997 February","State","Euro Thousand","3280766"
"Total Exports (Seasonally Adjusted)","1997 March","State","Euro Thousand","3470769"
"Total Exports (Seasonally Adjusted)","1997 April","State","Euro Thousand","3578692"
"Total Exports (Seasonally Adjusted)","1997 May","State","Euro Thousand","3493937"
"Total Exports (Seasonally Adjusted)","1997 June","State","Euro Thousand","3880950"
"Total Exports (Seasonally Adjusted)","1997 July","State","Euro Thousand","3675548"
"Total Exports (Seasonally Adjusted)","1997 August","State","Euro Thousand","3851888"
"Total Exports (Seasonally Adjusted)","1997 September","State","Euro Thousand","3977875"
"Total Exports (Seasonally Adjusted)","1997 October","State","Euro Thousand","3972382"
"Total Exports (Seasonally Adjusted)","1997 November","State","Euro Thousand","4105700"
"Total Exports (Seasonally Adjusted)","1997 December","State","Euro Thousand","4135800"
"Total Exports (Seasonally Adjusted)","1998 January","State","Euro Thousand","4292972"
"Total Exports (Seasonally Adjusted)","1998 February","State","Euro Thousand","4478174"
"Total Exports (Seasonally Adjusted)","1998 March","State","Euro Thousand","4664605"
"Total Exports (Seasonally Adjusted)","1998 April","State","Euro Thousand","4675662"
"Total Exports (Seasonally Adjusted)","1998 May","State","Euro Thousand","4615579"
"Total Exports (Seasonally Adjusted)","1998 June","State","Euro Thousand","4780656"
"Total Exports (Seasonally Adjusted)","1998 July","State","Euro Thousand","4938523"
"Total Exports (Seasonally Adjusted)","1998 August","State","Euro Thousand","4939220"
"Total Exports (Seasonally Adjusted)","1998 September","State","Euro Thousand","4893101"
"Total Exports (Seasonally Adjusted)","1998 October","State","Euro Thousand","4726221"
"Total Exports (Seasonally Adjusted)","1998 November","State","Euro Thousand","5483018"
"Total Exports (Seasonally Adjusted)","1998 December","State","Euro Thousand","4881343"
"Total Exports (Seasonally Adjusted)","1999 January","State","Euro Thousand","5024236"
"Total Exports (Seasonally Adjusted)","1999 February","State","Euro Thousand","5201736"
"Total Exports (Seasonally Adjusted)","1999 March","State","Euro Thousand","4865848"
"Total Exports (Seasonally Adjusted)","1999 April","State","Euro Thousand","5327289"
"Total Exports (Seasonally Adjusted)","1999 May","State","Euro Thousand","5569011"
"Total Exports (Seasonally Adjusted)","1999 June","State","Euro Thousand","5129135"
"Total Exports (Seasonally Adjusted)","1999 July","State","Euro Thousand","5820073"
"Total Exports (Seasonally Adjusted)","1999 August","State","Euro Thousand","5762862"
"Total Exports (Seasonally Adjusted)","1999 September","State","Euro Thousand","5915572"
"Total Exports (Seasonally Adjusted)","1999 October","State","Euro Thousand","5982885"
"Total Exports (Seasonally Adjusted)","1999 November","State","Euro Thousand","5920686"
"Total Exports (Seasonally Adjusted)","1999 December","State","Euro Thousand","6451654"
"Total Exports (Seasonally Adjusted)","2000 January","State","Euro Thousand","5519700"
"Total Exports (Seasonally Adjusted)","2000 February","State","Euro Thousand","6196700"
"Total Exports (Seasonally Adjusted)","2000 March","State","Euro Thousand","6608600"
"Total Exports (Seasonally Adjusted)","2000 April","State","Euro Thousand","6376700"
"Total Exports (Seasonally Adjusted)","2000 May","State","Euro Thousand","6672800"
"Total Exports (Seasonally Adjusted)","2000 June","State","Euro Thousand","7014200"
"Total Exports (Seasonally Adjusted)","2000 July","State","Euro Thousand","6725100"
"Total Exports (Seasonally Adjusted)","2000 August","State","Euro Thousand","7351100"
"Total Exports (Seasonally Adjusted)","2000 September","State","Euro Thousand","7278500"
"Total Exports (Seasonally Adjusted)","2000 October","State","Euro Thousand","7819200"
"Total Exports (Seasonally Adjusted)","2000 November","State","Euro Thousand","8034300"
"Total Exports (Seasonally Adjusted)","2000 December","State","Euro Thousand","8148000"
"Total Exports (Seasonally Adjusted)","2001 January","State","Euro Thousand","7919500"
"Total Exports (Seasonally Adjusted)","2001 February","State","Euro Thousand","7636000"
"Total Exports (Seasonally Adjusted)","2001 March","State","Euro Thousand","7918000"
"Total Exports (Seasonally Adjusted)","2001 April","State","Euro Thousand","7501000"
"Total Exports (Seasonally Adjusted)","2001 May","State","Euro Thousand","6986200"
"Total Exports (Seasonally Adjusted)","2001 June","State","Euro Thousand","8156600"
"Total Exports (Seasonally Adjusted)","2001 July","State","Euro Thousand","8027800"
"Total Exports (Seasonally Adjusted)","2001 August","State","Euro Thousand","7837500"
"Total Exports (Seasonally Adjusted)","2001 September","State","Euro Thousand","7861800"
"Total Exports (Seasonally Adjusted)","2001 October","State","Euro Thousand","7901700"
"Total Exports (Seasonally Adjusted)","2001 November","State","Euro Thousand","7618500"
"Total Exports (Seasonally Adjusted)","2001 December","State","Euro Thousand","7371900"
"Total Exports (Seasonally Adjusted)","2002 January","State","Euro Thousand","8887700"
"Total Exports (Seasonally Adjusted)","2002 February","State","Euro Thousand","8220600"
"Total Exports (Seasonally Adjusted)","2002 March","State","Euro Thousand","8291100"
"Total Exports (Seasonally Adjusted)","2002 April","State","Euro Thousand","8065100"
"Total Exports (Seasonally Adjusted)","2002 May","State","Euro Thousand","9133500"
"Total Exports (Seasonally Adjusted)","2002 June","State","Euro Thousand","7093800"
"Total Exports (Seasonally Adjusted)","2002 July","State","Euro Thousand","7996500"
"Total Exports (Seasonally Adjusted)","2002 August","State","Euro Thousand","7335000"
"Total Exports (Seasonally Adjusted)","2002 September","State","Euro Thousand","7564000"
"Total Exports (Seasonally Adjusted)","2002 October","State","Euro Thousand","7185400"
"Total Exports (Seasonally Adjusted)","2002 November","State","Euro Thousand","7301500"
"Total Exports (Seasonally Adjusted)","2002 December","State","Euro Thousand","7173300"
"Total Exports (Seasonally Adjusted)","2003 January","State","Euro Thousand","6783400"
"Total Exports (Seasonally Adjusted)","2003 February","State","Euro Thousand","6944800"
"Total Exports (Seasonally Adjusted)","2003 March","State","Euro Thousand","6569600"
"Total Exports (Seasonally Adjusted)","2003 April","State","Euro Thousand","6777900"
"Total Exports (Seasonally Adjusted)","2003 May","State","Euro Thousand","6662200"
"Total Exports (Seasonally Adjusted)","2003 June","State","Euro Thousand","6760000"
"Total Exports (Seasonally Adjusted)","2003 July","State","Euro Thousand","6711000"
"Total Exports (Seasonally Adjusted)","2003 August","State","Euro Thousand","6720900"
"Total Exports (Seasonally Adjusted)","2003 September","State","Euro Thousand","7226800"
"Total Exports (Seasonally Adjusted)","2003 October","State","Euro Thousand","7270300"
"Total Exports (Seasonally Adjusted)","2003 November","State","Euro Thousand","7110100"
"Total Exports (Seasonally Adjusted)","2003 December","State","Euro Thousand","7005400"
"Total Exports (Seasonally Adjusted)","2004 January","State","Euro Thousand","6594800"
"Total Exports (Seasonally Adjusted)","2004 February","State","Euro Thousand","7239500"
"Total Exports (Seasonally Adjusted)","2004 March","State","Euro Thousand","7383900"
"Total Exports (Seasonally Adjusted)","2004 April","State","Euro Thousand","7239200"
"Total Exports (Seasonally Adjusted)","2004 May","State","Euro Thousand","6609700"
"Total Exports (Seasonally Adjusted)","2004 June","State","Euro Thousand","7150100"
"Total Exports (Seasonally Adjusted)","2004 July","State","Euro Thousand","7108900"
"Total Exports (Seasonally Adjusted)","2004 August","State","Euro Thousand","7228000"
"Total Exports (Seasonally Adjusted)","2004 September","State","Euro Thousand","6832700"
"Total Exports (Seasonally Adjusted)","2004 October","State","Euro Thousand","6823600"
"Total Exports (Seasonally Adjusted)","2004 November","State","Euro Thousand","7228900"
"Total Exports (Seasonally Adjusted)","2004 December","State","Euro Thousand","7268100"
"Total Exports (Seasonally Adjusted)","2005 January","State","Euro Thousand","7042300"
"Total Exports (Seasonally Adjusted)","2005 February","State","Euro Thousand","7121300"
"Total Exports (Seasonally Adjusted)","2005 March","State","Euro Thousand","6937800"
"Total Exports (Seasonally Adjusted)","2005 April","State","Euro Thousand","7402200"
"Total Exports (Seasonally Adjusted)","2005 May","State","Euro Thousand","7337500"
"Total Exports (Seasonally Adjusted)","2005 June","State","Euro Thousand","7176400"
"Total Exports (Seasonally Adjusted)","2005 July","State","Euro Thousand","7102700"
"Total Exports (Seasonally Adjusted)","2005 August","State","Euro Thousand","7256200"
"Total Exports (Seasonally Adjusted)","2005 September","State","Euro Thousand","7521400"
"Total Exports (Seasonally Adjusted)","2005 October","State","Euro Thousand","7210400"
"Total Exports (Seasonally Adjusted)","2005 November","State","Euro Thousand","7527200"
"Total Exports (Seasonally Adjusted)","2005 December","State","Euro Thousand","7492700"
"Total Exports (Seasonally Adjusted)","2006 January","State","Euro Thousand","7540300"
"Total Exports (Seasonally Adjusted)","2006 February","State","Euro Thousand","7021000"
"Total Exports (Seasonally Adjusted)","2006 March","State","Euro Thousand","7244200"
"Total Exports (Seasonally Adjusted)","2006 April","State","Euro Thousand","6568300"
"Total Exports (Seasonally Adjusted)","2006 May","State","Euro Thousand","7791700"
"Total Exports (Seasonally Adjusted)","2006 June","State","Euro Thousand","7093400"
"Total Exports (Seasonally Adjusted)","2006 July","State","Euro Thousand","7457400"
"Total Exports (Seasonally Adjusted)","2006 August","State","Euro Thousand","7697800"
"Total Exports (Seasonally Adjusted)","2006 September","State","Euro Thousand","7305500"
"Total Exports (Seasonally Adjusted)","2006 October","State","Euro Thousand","7656800"
"Total Exports (Seasonally Adjusted)","2006 November","State","Euro Thousand","7031300"
"Total Exports (Seasonally Adjusted)","2006 December","State","Euro Thousand","7325300"
"Total Exports (Seasonally Adjusted)","2007 January","State","Euro Thousand","7527500"
"Total Exports (Seasonally Adjusted)","2007 February","State","Euro Thousand","7587100"
"Total Exports (Seasonally Adjusted)","2007 March","State","Euro Thousand","7672500"
"Total Exports (Seasonally Adjusted)","2007 April","State","Euro Thousand","7829600"
"Total Exports (Seasonally Adjusted)","2007 May","State","Euro Thousand","7741800"
"Total Exports (Seasonally Adjusted)","2007 June","State","Euro Thousand","7822600"
"Total Exports (Seasonally Adjusted)","2007 July","State","Euro Thousand","7727600"
"Total Exports (Seasonally Adjusted)","2007 August","State","Euro Thousand","7541800"
"Total Exports (Seasonally Adjusted)","2007 September","State","Euro Thousand","7342100"
"Total Exports (Seasonally Adjusted)","2007 October","State","Euro Thousand","7714000"
"Total Exports (Seasonally Adjusted)","2007 November","State","Euro Thousand","7626000"
"Total Exports (Seasonally Adjusted)","2007 December","State","Euro Thousand","6498100"
"Total Exports (Seasonally Adjusted)","2008 January","State","Euro Thousand","7510300"
"Total Exports (Seasonally Adjusted)","2008 February","State","Euro Thousand","7805300"
"Total Exports (Seasonally Adjusted)","2008 March","State","Euro Thousand","7308500"
"Total Exports (Seasonally Adjusted)","2008 April","State","Euro Thousand","7063100"
"Total Exports (Seasonally Adjusted)","2008 May","State","Euro Thousand","7499500"
"Total Exports (Seasonally Adjusted)","2008 June","State","Euro Thousand","7305100"
"Total Exports (Seasonally Adjusted)","2008 July","State","Euro Thousand","7522700"
"Total Exports (Seasonally Adjusted)","2008 August","State","Euro Thousand","7407700"
"Total Exports (Seasonally Adjusted)","2008 September","State","Euro Thousand","7460300"
"Total Exports (Seasonally Adjusted)","2008 October","State","Euro Thousand","7561700"
"Total Exports (Seasonally Adjusted)","2008 November","State","Euro Thousand","7364900"
"Total Exports (Seasonally Adjusted)","2008 December","State","Euro Thousand","7010100"
"Total Exports (Seasonally Adjusted)","2009 January","State","Euro Thousand","7447800"
"Total Exports (Seasonally Adjusted)","2009 February","State","Euro Thousand","8147800"
"Total Exports (Seasonally Adjusted)","2009 March","State","Euro Thousand","7635300"
"Total Exports (Seasonally Adjusted)","2009 April","State","Euro Thousand","8136300"
"Total Exports (Seasonally Adjusted)","2009 May","State","Euro Thousand","7422600"
"Total Exports (Seasonally Adjusted)","2009 June","State","Euro Thousand","7901500"
"Total Exports (Seasonally Adjusted)","2009 July","State","Euro Thousand","7312000"
"Total Exports (Seasonally Adjusted)","2009 August","State","Euro Thousand","6896100"
"Total Exports (Seasonally Adjusted)","2009 September","State","Euro Thousand","7575600"
"Total Exports (Seasonally Adjusted)","2009 October","State","Euro Thousand","6620900"
"Total Exports (Seasonally Adjusted)","2009 November","State","Euro Thousand","6832300"
"Total Exports (Seasonally Adjusted)","2009 December","State","Euro Thousand","6251200"
"Total Exports (Seasonally Adjusted)","2010 January","State","Euro Thousand","7408800"
"Total Exports (Seasonally Adjusted)","2010 February","State","Euro Thousand","7129800"
"Total Exports (Seasonally Adjusted)","2010 March","State","Euro Thousand","6929100"
"Total Exports (Seasonally Adjusted)","2010 April","State","Euro Thousand","7331600"
"Total Exports (Seasonally Adjusted)","2010 May","State","Euro Thousand","7892100"
"Total Exports (Seasonally Adjusted)","2010 June","State","Euro Thousand","7325400"
"Total Exports (Seasonally Adjusted)","2010 July","State","Euro Thousand","7872400"
"Total Exports (Seasonally Adjusted)","2010 August","State","Euro Thousand","7575900"
"Total Exports (Seasonally Adjusted)","2010 September","State","Euro Thousand","7802300"
"Total Exports (Seasonally Adjusted)","2010 October","State","Euro Thousand","7988800"
"Total Exports (Seasonally Adjusted)","2010 November","State","Euro Thousand","7480600"
"Total Exports (Seasonally Adjusted)","2010 December","State","Euro Thousand","8027300"
"Total Exports (Seasonally Adjusted)","2011 January","State","Euro Thousand","7858100"
"Total Exports (Seasonally Adjusted)","2011 February","State","Euro Thousand","8333100"
"Total Exports (Seasonally Adjusted)","2011 March","State","Euro Thousand","7912000"
"Total Exports (Seasonally Adjusted)","2011 April","State","Euro Thousand","7944900"
"Total Exports (Seasonally Adjusted)","2011 May","State","Euro Thousand","7693600"
"Total Exports (Seasonally Adjusted)","2011 June","State","Euro Thousand","7853200"
"Total Exports (Seasonally Adjusted)","2011 July","State","Euro Thousand","7346000"
"Total Exports (Seasonally Adjusted)","2011 August","State","Euro Thousand","7455400"
"Total Exports (Seasonally Adjusted)","2011 September","State","Euro Thousand","7641700"
"Total Exports (Seasonally Adjusted)","2011 October","State","Euro Thousand","7757500"
"Total Exports (Seasonally Adjusted)","2011 November","State","Euro Thousand","8019000"
"Total Exports (Seasonally Adjusted)","2011 December","State","Euro Thousand","7503400"
"Total Exports (Seasonally Adjusted)","2012 January","State","Euro Thousand","8424200"
"Total Exports (Seasonally Adjusted)","2012 February","State","Euro Thousand","7577900"
"Total Exports (Seasonally Adjusted)","2012 March","State","Euro Thousand","7835400"
"Total Exports (Seasonally Adjusted)","2012 April","State","Euro Thousand","7436900"
"Total Exports (Seasonally Adjusted)","2012 May","State","Euro Thousand","7624600"
"Total Exports (Seasonally Adjusted)","2012 June","State","Euro Thousand","7646000"
"Total Exports (Seasonally Adjusted)","2012 July","State","Euro Thousand","8086100"
"Total Exports (Seasonally Adjusted)","2012 August","State","Euro Thousand","8465500"
"Total Exports (Seasonally Adjusted)","2012 September","State","Euro Thousand","7754900"
"Total Exports (Seasonally Adjusted)","2012 October","State","Euro Thousand","7606800"
"Total Exports (Seasonally Adjusted)","2012 November","State","Euro Thousand","7780500"
"Total Exports (Seasonally Adjusted)","2012 December","State","Euro Thousand","7083800"
"Total Exports (Seasonally Adjusted)","2013 January","State","Euro Thousand","7237500"
"Total Exports (Seasonally Adjusted)","2013 February","State","Euro Thousand","7237600"
"Total Exports (Seasonally Adjusted)","2013 March","State","Euro Thousand","7706700"
"Total Exports (Seasonally Adjusted)","2013 April","State","Euro Thousand","7628700"
"Total Exports (Seasonally Adjusted)","2013 May","State","Euro Thousand","7002800"
"Total Exports (Seasonally Adjusted)","2013 June","State","Euro Thousand","7475800"
"Total Exports (Seasonally Adjusted)","2013 July","State","Euro Thousand","7682800"
"Total Exports (Seasonally Adjusted)","2013 August","State","Euro Thousand","7366900"
"Total Exports (Seasonally Adjusted)","2013 September","State","Euro Thousand","7513500"
"Total Exports (Seasonally Adjusted)","2013 October","State","Euro Thousand","7441400"
"Total Exports (Seasonally Adjusted)","2013 November","State","Euro Thousand","7344900"
"Total Exports (Seasonally Adjusted)","2013 December","State","Euro Thousand","7615400"
"Total Exports (Seasonally Adjusted)","2014 January","State","Euro Thousand","7162400"
"Total Exports (Seasonally Adjusted)","2014 February","State","Euro Thousand","7390400"
"Total Exports (Seasonally Adjusted)","2014 March","State","Euro Thousand","7355000"
"Total Exports (Seasonally Adjusted)","2014 April","State","Euro Thousand","7201500"
"Total Exports (Seasonally Adjusted)","2014 May","State","Euro Thousand","8041200"
"Total Exports (Seasonally Adjusted)","2014 June","State","Euro Thousand","7791700"
"Total Exports (Seasonally Adjusted)","2014 July","State","Euro Thousand","7328300"
"Total Exports (Seasonally Adjusted)","2014 August","State","Euro Thousand","8258200"
"Total Exports (Seasonally Adjusted)","2014 September","State","Euro Thousand","8036700"
"Total Exports (Seasonally Adjusted)","2014 October","State","Euro Thousand","7646800"
"Total Exports (Seasonally Adjusted)","2014 November","State","Euro Thousand","7857100"
"Total Exports (Seasonally Adjusted)","2014 December","State","Euro Thousand","8586600"
"Total Exports (Seasonally Adjusted)","2015 January","State","Euro Thousand","8643000"
"Total Exports (Seasonally Adjusted)","2015 February","State","Euro Thousand","8826300"
"Total Exports (Seasonally Adjusted)","2015 March","State","Euro Thousand","8895700"
"Total Exports (Seasonally Adjusted)","2015 April","State","Euro Thousand","9393400"
"Total Exports (Seasonally Adjusted)","2015 May","State","Euro Thousand","9351600"
"Total Exports (Seasonally Adjusted)","2015 June","State","Euro Thousand","9214400"
"Total Exports (Seasonally Adjusted)","2015 July","State","Euro Thousand","9267700"
"Total Exports (Seasonally Adjusted)","2015 August","State","Euro Thousand","9356300"
"Total Exports (Seasonally Adjusted)","2015 September","State","Euro Thousand","9261500"
"Total Exports (Seasonally Adjusted)","2015 October","State","Euro Thousand","10787600"
"Total Exports (Seasonally Adjusted)","2015 November","State","Euro Thousand","9920000"
"Total Exports (Seasonally Adjusted)","2015 December","State","Euro Thousand","9618500"
"Total Exports (Seasonally Adjusted)","2016 January","State","Euro Thousand","9470191"
"Total Exports (Seasonally Adjusted)","2016 February","State","Euro Thousand","8545663"
"Total Exports (Seasonally Adjusted)","2016 March","State","Euro Thousand","9545350"
"Total Exports (Seasonally Adjusted)","2016 April","State","Euro Thousand","9790629"
"Total Exports (Seasonally Adjusted)","2016 May","State","Euro Thousand","9559204"
"Total Exports (Seasonally Adjusted)","2016 June","State","Euro Thousand","10128420"
"Total Exports (Seasonally Adjusted)","2016 July","State","Euro Thousand","10041894"
"Total Exports (Seasonally Adjusted)","2016 August","State","Euro Thousand","10640547"
"Total Exports (Seasonally Adjusted)","2016 September","State","Euro Thousand","10145009"
"Total Exports (Seasonally Adjusted)","2016 October","State","Euro Thousand","10806080"
"Total Exports (Seasonally Adjusted)","2016 November","State","Euro Thousand","10578783"
"Total Exports (Seasonally Adjusted)","2016 December","State","Euro Thousand","9632499"
"Total Exports (Seasonally Adjusted)","2017 January","State","Euro Thousand","10331209"
"Total Exports (Seasonally Adjusted)","2017 February","State","Euro Thousand","10686083"
"Total Exports (Seasonally Adjusted)","2017 March","State","Euro Thousand","10834277"
"Total Exports (Seasonally Adjusted)","2017 April","State","Euro Thousand","10411708"
"Total Exports (Seasonally Adjusted)","2017 May","State","Euro Thousand","10156603"
"Total Exports (Seasonally Adjusted)","2017 June","State","Euro Thousand","9797340"
"Total Exports (Seasonally Adjusted)","2017 July","State","Euro Thousand","9972968"
"Total Exports (Seasonally Adjusted)","2017 August","State","Euro Thousand","10038298"
"Total Exports (Seasonally Adjusted)","2017 September","State","Euro Thousand","10062164"
"Total Exports (Seasonally Adjusted)","2017 October","State","Euro Thousand","9970105"
"Total Exports (Seasonally Adjusted)","2017 November","State","Euro Thousand","10305065"
"Total Exports (Seasonally Adjusted)","2017 December","State","Euro Thousand","10615118"
"Total Exports (Seasonally Adjusted)","2018 January","State","Euro Thousand","11649211"
"Total Exports (Seasonally Adjusted)","2018 February","State","Euro Thousand","10854676"
"Total Exports (Seasonally Adjusted)","2018 March","State","Euro Thousand","10707083"
"Total Exports (Seasonally Adjusted)","2018 April","State","Euro Thousand","11273083"
"Total Exports (Seasonally Adjusted)","2018 May","State","Euro Thousand","11542360"
"Total Exports (Seasonally Adjusted)","2018 June","State","Euro Thousand","12070224"
"Total Exports (Seasonally Adjusted)","2018 July","State","Euro Thousand","11713748"
"Total Exports (Seasonally Adjusted)","2018 August","State","Euro Thousand","11722069"
"Total Exports (Seasonally Adjusted)","2018 September","State","Euro Thousand","12258037"
"Total Exports (Seasonally Adjusted)","2018 October","State","Euro Thousand","11897848"
"Total Exports (Seasonally Adjusted)","2018 November","State","Euro Thousand","12146008"
"Total Exports (Seasonally Adjusted)","2018 December","State","Euro Thousand","12745252"
"Total Exports (Seasonally Adjusted)","2019 January","State","Euro Thousand","12978084"
"Total Exports (Seasonally Adjusted)","2019 February","State","Euro Thousand","13061731"
"Total Exports (Seasonally Adjusted)","2019 March","State","Euro Thousand","11540862"
"Total Exports (Seasonally Adjusted)","2019 April","State","Euro Thousand","12712375"
"Total Exports (Seasonally Adjusted)","2019 May","State","Euro Thousand","12672249"
"Total Exports (Seasonally Adjusted)","2019 June","State","Euro Thousand","12313510"
"Total Exports (Seasonally Adjusted)","2019 July","State","Euro Thousand","13292812"
"Total Exports (Seasonally Adjusted)","2019 August","State","Euro Thousand","12488035"
"Total Exports (Seasonally Adjusted)","2019 September","State","Euro Thousand","12762688"
"Total Exports (Seasonally Adjusted)","2019 October","State","Euro Thousand","14110012"
"Total Exports (Seasonally Adjusted)","2019 November","State","Euro Thousand","12414131"
"Total Exports (Seasonally Adjusted)","2019 December","State","Euro Thousand","12381250"
"Total Exports (Seasonally Adjusted)","2020 January","State","Euro Thousand","13671992"
"Total Exports (Seasonally Adjusted)","2020 February","State","Euro Thousand","12130019"
"Total Exports (Seasonally Adjusted)","2020 March","State","Euro Thousand","16784414"
"Total Exports (Seasonally Adjusted)","2020 April","State","Euro Thousand","11363896"
"Total Exports (Seasonally Adjusted)","2020 May","State","Euro Thousand","12900620"
"Total Exports (Seasonally Adjusted)","2020 June","State","Euro Thousand","12980346"
"Total Exports (Seasonally Adjusted)","2020 July","State","Euro Thousand","13165653"
"Total Exports (Seasonally Adjusted)","2020 August","State","Euro Thousand","14113303"
"Total Exports (Seasonally Adjusted)","2020 September","State","Euro Thousand","13600696"
"Total Exports (Seasonally Adjusted)","2020 October","State","Euro Thousand","12386631"
"Total Exports (Seasonally Adjusted)","2020 November","State","Euro Thousand","14521566"
"Total Exports (Seasonally Adjusted)","2020 December","State","Euro Thousand","12972200"
"Total Exports (Seasonally Adjusted)","2021 January","State","Euro Thousand","13862300"
"Total Exports (Seasonally Adjusted)","2021 February","State","Euro Thousand","12839300"
"Total Exports (Seasonally Adjusted)","2021 March","State","Euro Thousand","13007900"
"Total Exports (Seasonally Adjusted)","2021 April","State","Euro Thousand","12349400"
"Total Exports (Seasonally Adjusted)","2021 May","State","Euro Thousand","13706000"
"Total Exports (Seasonally Adjusted)","2021 June","State","Euro Thousand","13919800"
"Total Exports (Seasonally Adjusted)","2021 July","State","Euro Thousand","13412700"
"Total Exports (Seasonally Adjusted)","2021 August","State","Euro Thousand","13971800"
"Total Exports (Seasonally Adjusted)","2021 September","State","Euro Thousand","14224900"
"Total Exports (Seasonally Adjusted)","2021 October","State","Euro Thousand","15437400"
"Total Exports (Seasonally Adjusted)","2021 November","State","Euro Thousand","14767700"
"Total Exports (Seasonally Adjusted)","2021 December","State","Euro Thousand","13608400"
"Total Exports (Seasonally Adjusted)","2022 January","State","Euro Thousand","16678900"
"Total Exports (Seasonally Adjusted)","2022 February","State","Euro Thousand","16542600"
"Total Exports (Seasonally Adjusted)","2022 March","State","Euro Thousand","18566600"
"Total Exports (Seasonally Adjusted)","2022 April","State","Euro Thousand","17358400"
"Total Exports (Seasonally Adjusted)","2022 May","State","Euro Thousand","18038800"
"Total Exports (Seasonally Adjusted)","2022 June","State","Euro Thousand","16643400"
"Total Exports (Seasonally Adjusted)","2022 July","State","Euro Thousand","15628900"
"Total Exports (Seasonally Adjusted)","2022 August","State","Euro Thousand","19289400"
"Total Exports (Seasonally Adjusted)","2022 September","State","Euro Thousand","18641700"
"Total Exports (Seasonally Adjusted)","2022 October","State","Euro Thousand","18094500"
"Total Exports (Seasonally Adjusted)","2022 November","State","Euro Thousand","16215500"
"Total Exports (Seasonally Adjusted)","2022 December","State","Euro Thousand","16432500"
"Total Exports (Seasonally Adjusted)","2023 January","State","Euro Thousand","15985300"
"Total Exports (Seasonally Adjusted)","2023 February","State","Euro Thousand","17408300"
"Total Exports (Seasonally Adjusted)","2023 March","State","Euro Thousand","16582300"
"Total Exports (Seasonally Adjusted)","2023 April","State","Euro Thousand","16332800"
"Total Exports (Seasonally Adjusted)","2023 May","State","Euro Thousand","15730400"
"Total Exports (Seasonally Adjusted)","2023 June","State","Euro Thousand","17196000"
"Total Exports (Seasonally Adjusted)","2023 July","State","Euro Thousand","16420900"
"Total Exports (Seasonally Adjusted)","2023 August","State","Euro Thousand","16492600"
"Total Exports (Seasonally Adjusted)","2023 September","State","Euro Thousand","15481600"
"Total Exports (Seasonally Adjusted)","2023 October","State","Euro Thousand","17725500"
"Total Exports (Seasonally Adjusted)","2023 November","State","Euro Thousand","15431700"
"Total Exports (Seasonally Adjusted)","2023 December","State","Euro Thousand","15747800"
"Total Exports (Seasonally Adjusted)","2024 January","State","Euro Thousand","18135200"
"Total Exports (Seasonally Adjusted)","2024 February","State","Euro Thousand","17708100"
"Total Exports (Seasonally Adjusted)","2024 March","State","Euro Thousand","18179900"
"Total Exports (Seasonally Adjusted)","2024 April","State","Euro Thousand","19147400"
"Total Exports (Seasonally Adjusted)","2024 May","State","Euro Thousand","17242700"
"Total Exports (Seasonally Adjusted)","2024 June","State","Euro Thousand","17042000"
"Total Exports (Seasonally Adjusted)","2024 July","State","Euro Thousand","17867200"
"Total Exports (Seasonally Adjusted)","2024 August","State","Euro Thousand","18007600"
"Total Exports (Seasonally Adjusted)","2024 September","State","Euro Thousand","22015900"
"Total Exports (Seasonally Adjusted)","2024 October","State","Euro Thousand","20779800"
"Total Exports (Seasonally Adjusted)","2024 November","State","Euro Thousand","19800000"
"Total Exports (Seasonally Adjusted)","2024 December","State","Euro Thousand","17897400"
"Total Exports (Seasonally Adjusted)","2025 January","State","Euro Thousand","23557700"
"Total Exports (Seasonally Adjusted)","2025 February","State","Euro Thousand","25725400"
"Total Exports (Seasonally Adjusted)","2025 March","State","Euro Thousand","35456900"
"Total Exports (Seasonally Adjusted)","2025 April","State","Euro Thousand","21361300"
"Total Exports (Seasonally Adjusted)","2025 May","State","Euro Thousand","22944800"
"Total Exports (Seasonally Adjusted)","2025 June","State","Euro Thousand","16467000"
"Total Exports (Seasonally Adjusted)","2025 July","State","Euro Thousand","17046600"
"Total Exports (Seasonally Adjusted)","2025 August","State","Euro Thousand","16980000"
"Total Exports (Seasonally Adjusted)","2025 September","State","Euro Thousand","27355400"
"Total Exports (Seasonally Adjusted)","2025 October","State","Euro Thousand","15669500"
"Total Exports (Seasonally Adjusted)","2025 November","State","Euro Thousand","17085100"
"Total Exports (Seasonally Adjusted)","2025 December","State","Euro Thousand","17141100"
"Total Exports (Seasonally Adjusted)","2026 January","State","Euro Thousand","16338400"
"Total Exports (Seasonally Adjusted)","2026 February","State","Euro Thousand","16240900"
